filename,width,height,class,xmin,ymin,xmax,ymax
Rock-Pigeon-51_jpg.rf.e0c84c34ea3b63178c6ca8ab92ecac82.jpg,416,416,Flying Rat,58,149,206,290
Rock-Pigeon-206_jpg.rf.e260d636b7646f701724dba66a6213df.jpg,416,416,Flying Rat,149,125,291,324
Rock-Pigeon-10_jpg.rf.eec3287f1890ddc09f220652f4325b5a.jpg,416,416,Flying Rat,104,35,297,385
Rock-Pigeon-283_jpg.rf.e650b5ee3b1e4c2e6dd00ec65a974a99.jpg,416,416,Flying Rat,84,71,403,357
Rock-Pigeon-285_jpg.rf.eb2858698023df51e14c2648c4039998.jpg,416,416,Flying Rat,91,84,407,389
Rock-Pigeon-62_jpg.rf.e75f2c007916a40fc6281ef6d83309c0.jpg,416,416,Flying Rat,1,122,339,401
Rock-Pigeon-95_jpg.rf.ebb9f57bca6d6da7d9b1e3d46658078e.jpg,416,416,Flying Rat,173,127,315,410
Rock-Pigeon-95_jpg.rf.ebb9f57bca6d6da7d9b1e3d46658078e.jpg,416,416,Flying Rat,1,191,118,407
Rock-Pigeon-95_jpg.rf.ebb9f57bca6d6da7d9b1e3d46658078e.jpg,416,416,Flying Rat,349,50,415,322
Rock-Pigeon-95_jpg.rf.ebb9f57bca6d6da7d9b1e3d46658078e.jpg,416,416,Flying Rat,212,3,324,188
Rock-Pigeon-91_jpg.rf.df1d21f260986a2de62da27b3ac6d0a7.jpg,416,416,Flying Rat,78,53,284,415
Rock-Pigeon-121_jpg.rf.f016e0ba95ac1ddda505368b1e0a31e3.jpg,416,416,Flying Rat,24,91,208,300
Rock-Pigeon-343_jpg.rf.e95ff6ea99909ae652934007cda1bdde.jpg,416,416,Flying Rat,80,112,384,343
Rock-Pigeon-211_jpg.rf.ee8ee75654366e18506d2f64d0deb1df.jpg,416,416,Flying Rat,155,76,369,307
Rock-Pigeon-211_jpg.rf.ee8ee75654366e18506d2f64d0deb1df.jpg,416,416,Flying Rat,19,223,222,344
Rock-Pigeon-94_jpg.rf.ec0e2bc316ac621fc7f647893172a047.jpg,416,416,Flying Rat,101,181,228,405
Rock-Pigeon-94_jpg.rf.ec0e2bc316ac621fc7f647893172a047.jpg,416,416,Flying Rat,302,123,374,247
Rock-Pigeon-94_jpg.rf.ec0e2bc316ac621fc7f647893172a047.jpg,416,416,Flying Rat,315,221,398,415
Rock-Pigeon-94_jpg.rf.ec0e2bc316ac621fc7f647893172a047.jpg,416,416,Flying Rat,80,72,178,211
Rock-Pigeon-94_jpg.rf.ec0e2bc316ac621fc7f647893172a047.jpg,416,416,Flying Rat,1,110,81,247
Rock-Pigeon-94_jpg.rf.ec0e2bc316ac621fc7f647893172a047.jpg,416,416,Flying Rat,216,1,303,84
Rock-Pigeon-94_jpg.rf.ec0e2bc316ac621fc7f647893172a047.jpg,416,416,Flying Rat,4,227,46,415
Rock-Pigeon-357_jpg.rf.e1e45198c6e31a34f0c9d1ec9989259e.jpg,416,416,Flying Rat,132,44,269,352
Rock-Pigeon-357_jpg.rf.e1e45198c6e31a34f0c9d1ec9989259e.jpg,416,416,Flying Rat,318,287,412,412
Rock-Pigeon-1_jpg.rf.e4912392500906131915e60c65f6fe77.jpg,416,416,Flying Rat,93,140,345,304
Rock-Pigeon-252_jpg.rf.eca979c4bf652169b124e5ee0b8cdf79.jpg,416,416,Flying Rat,56,120,361,309
Rock-Pigeon-153_jpg.rf.ef467a17e463a132a5367b35eb521275.jpg,416,416,Flying Rat,114,51,324,391
Rock-Pigeon-250_jpg.rf.ec30c4a2f6d0cb107f064fd570fd5a35.jpg,416,416,Flying Rat,49,107,338,250
Rock-Pigeon-67_jpg.rf.ef48390ba7cd48743e27c0ec5df98f74.jpg,416,416,Flying Rat,216,108,333,309
Rock-Pigeon-78_jpg.rf.e75f7f56f583cfe17617bf64e3d95cc5.jpg,416,416,Flying Rat,101,87,338,306
Rock-Pigeon-247_jpg.rf.f020acc2df47428a8f586502a8ac4409.jpg,416,416,Flying Rat,142,147,310,293
Rock-Pigeon-90_jpg.rf.ec88f063e474e451c51f3dd4df2b6660.jpg,416,416,Flying Rat,132,28,395,342
Rock-Pigeon-113_jpg.rf.eb0353b837cd0af1ca121801379da274.jpg,416,416,Flying Rat,100,174,244,355
Rock-Pigeon-293_jpg.rf.ece62d15e37fdf165c5d60570f8f2065.jpg,416,416,Flying Rat,174,53,349,376
Rock-Pigeon-360_jpg.rf.f121d7a22dac4637a9af13e170ebbf3b.jpg,416,416,Flying Rat,89,26,304,405
Rock-Pigeon-360_jpg.rf.f121d7a22dac4637a9af13e170ebbf3b.jpg,416,416,Flying Rat,193,7,408,180
Rock-Pigeon-360_jpg.rf.f121d7a22dac4637a9af13e170ebbf3b.jpg,416,416,Flying Rat,117,1,276,69
Rock-Pigeon-340_jpg.rf.f82f1e617aa79abbe435fd136829d9ad.jpg,416,416,Flying Rat,162,90,257,305
Rock-Pigeon-114_jpg.rf.e8fb6791d41bf4d2b9d933b6be0fc63e.jpg,416,416,Flying Rat,177,108,396,315
Rock-Pigeon-151_jpg.rf.f06e519f4b4d0d57821e2d0adee9f3eb.jpg,416,416,Flying Rat,145,102,303,317
Rock-Pigeon-134_jpg.rf.f172fe006a32ea287852564816ad56c9.jpg,416,416,Flying Rat,175,110,362,378
Rock-Pigeon-249_jpg.rf.f1f53cae59c363d16b38e51064df3842.jpg,416,416,Flying Rat,56,78,237,324
Rock-Pigeon-155_jpg.rf.f7a9f0d9b70adf2996fcbaa19e5d3ce9.jpg,416,416,Flying Rat,158,35,379,358
Rock-Pigeon-155_jpg.rf.f7a9f0d9b70adf2996fcbaa19e5d3ce9.jpg,416,416,Flying Rat,146,362,416,415
Rock-Pigeon-155_jpg.rf.f7a9f0d9b70adf2996fcbaa19e5d3ce9.jpg,416,416,Flying Rat,1,353,91,414
Rock-Pigeon-7_jpg.rf.e7d7f59488bab6460968d89998f1d4a0.jpg,416,416,Flying Rat,162,121,299,394
Rock-Pigeon-5_jpg.rf.fc70e96f7854e717647ab1e44b132705.jpg,416,416,Flying Rat,31,91,171,189
Rock-Pigeon-5_jpg.rf.fc70e96f7854e717647ab1e44b132705.jpg,416,416,Flying Rat,202,182,290,295
Rock-Pigeon-251_jpg.rf.f4c746cf6a99cc76011e09e4bd20e427.jpg,416,416,Flying Rat,62,160,282,223
Rock-Pigeon-89_jpg.rf.f905ec82e5bcec56794dcee2f2320f7e.jpg,416,416,Flying Rat,156,51,405,303
Rock-Pigeon-213_jpg.rf.f6b49305392cb0cc30238b42df972a23.jpg,416,416,Flying Rat,181,43,391,348
Rock-Pigeon-59_jpg.rf.fe033260f30dae88a99000d399eeb7dd.jpg,416,416,Flying Rat,24,95,86,218
Rock-Pigeon-59_jpg.rf.fe033260f30dae88a99000d399eeb7dd.jpg,416,416,Flying Rat,97,98,167,223
Rock-Pigeon-59_jpg.rf.fe033260f30dae88a99000d399eeb7dd.jpg,416,416,Flying Rat,286,82,399,218
Rock-Pigeon-55_jpg.rf.f5e3c0d2d125f84c5bb6630db98d2339.jpg,416,416,Flying Rat,99,70,259,274
Rock-Pigeon-75_jpg.rf.fcd670639cfcaf6f6329f8781153b09f.jpg,416,416,Flying Rat,152,127,249,336
Rock-Pigeon-312_jpg.rf.fda2f2a6bcedf008007f6ee4eb853e60.jpg,416,416,Flying Rat,12,131,337,410
Rock-Pigeon-182_jpg.rf.ff723ae5d16b8160b2d36a5f05ecb656.jpg,416,416,Flying Rat,26,24,348,383
Rock-Pigeon-321_jpg.rf.fd408b63149ff20e23ecdad518600f5d.jpg,416,416,Flying Rat,89,30,290,386
Rock-Pigeon-123_jpg.rf.fed7ec30b90dcacdb724df66a3976935.jpg,416,416,Flying Rat,58,177,238,333
Rock-Pigeon-253_jpg.rf.f30db6084df55c02a43cce98aad3c8a1.jpg,416,416,Flying Rat,68,120,334,317
Rock-Pigeon-362_jpg.rf.fc4313b168ae42b5fbee0d7473daf6af.jpg,416,416,Flying Rat,96,162,302,349
Rock-Pigeon-231_jpg.rf.f21560e400301eedf94c306b24987c94.jpg,416,416,Flying Rat,108,102,245,353
Rock-Pigeon-137_jpg.rf.fe8b7d2fcf4c15560de22d063da0635c.jpg,416,416,Flying Rat,114,41,342,271
Rock-Pigeon-168_jpg.rf.042d1463a2b29b0eeebd8fa4c5267c08.jpg,416,416,Flying Rat,144,28,314,408
Rock-Pigeon-150_jpg.rf.04dfb34060cb2b040071e461c85c6bae.jpg,416,416,Flying Rat,127,47,406,408
Rock-Pigeon-24_jpg.rf.03b115370862c2b89dc3fa8ec7cf7c78.jpg,416,416,Flying Rat,36,118,246,324
Rock-Pigeon-93_jpg.rf.0516fce6a901acf492d03fe9550e017b.jpg,416,416,Flying Rat,18,38,333,312
Rock-Pigeon-197_jpg.rf.06e2dfc15e84b7f05bde8f85efc4b70a.jpg,416,416,Flying Rat,34,26,385,402
Rock-Pigeon-189_jpg.rf.0893c0dd42fd7df344893701489aa25d.jpg,416,416,Flying Rat,23,53,356,338
Rock-Pigeon-86_jpg.rf.05663377b3c91fd651c8b1d55bed06ae.jpg,416,416,Flying Rat,57,41,329,361
Rock-Pigeon-102_jpg.rf.04779e7312c1e196ceec4c6640b53197.jpg,416,416,Flying Rat,10,86,263,314
Rock-Pigeon-323_jpg.rf.094a88e6d889edcc35006d2ce69f12a6.jpg,416,416,Flying Rat,243,19,360,322
Rock-Pigeon-317_jpg.rf.04ef3b7158cbd74e38607b201e094089.jpg,416,416,Flying Rat,217,147,325,330
Rock-Pigeon-317_jpg.rf.04ef3b7158cbd74e38607b201e094089.jpg,416,416,Flying Rat,1,135,62,328
Rock-Pigeon-317_jpg.rf.04ef3b7158cbd74e38607b201e094089.jpg,416,416,Flying Rat,77,310,415,415
Rock-Pigeon-291_jpg.rf.0ce825309d1dae637aed14bdf5d1bd76.jpg,416,416,Flying Rat,173,73,376,348
Rock-Pigeon-143_jpg.rf.0c5f5eb81704ddb9b75432687be2531a.jpg,416,416,Flying Rat,139,106,284,399
Rock-Pigeon-39_jpg.rf.0a917a7faefe225fc66c2b4b98e0d857.jpg,416,416,Flying Rat,49,80,237,332
Rock-Pigeon-215_jpg.rf.0e4c2312034df13c7bcd5d6792783348.jpg,416,416,Flying Rat,113,51,195,359
Rock-Pigeon-215_jpg.rf.0e4c2312034df13c7bcd5d6792783348.jpg,416,416,Flying Rat,34,267,74,346
Rock-Pigeon-215_jpg.rf.0e4c2312034df13c7bcd5d6792783348.jpg,416,416,Flying Rat,248,152,265,209
Rock-Pigeon-215_jpg.rf.0e4c2312034df13c7bcd5d6792783348.jpg,416,416,Flying Rat,358,195,377,260
Rock-Pigeon-60_jpg.rf.06e064955470591ad3f2e38c4181f1ff.jpg,416,416,Flying Rat,201,57,343,182
Rock-Pigeon-60_jpg.rf.06e064955470591ad3f2e38c4181f1ff.jpg,416,416,Flying Rat,201,194,351,320
Rock-Pigeon-208_jpg.rf.0b07e6b39325a95549a76934b5899fa2.jpg,416,416,Flying Rat,104,119,361,247
Rock-Pigeon-242_jpg.rf.0a540307c862bab88939227bb68ab5f2.jpg,416,416,Flying Rat,80,119,238,331
Rock-Pigeon-280_jpg.rf.0b378d229c6bde199b94a46bd868108c.jpg,416,416,Flying Rat,120,179,218,324
Rock-Pigeon-295_jpg.rf.0befc888902b708bb3a1cc76521ee42d.jpg,416,416,Flying Rat,175,46,340,364
Rock-Pigeon-267_jpg.rf.052871230240697e126b1185c22d224d.jpg,416,416,Flying Rat,114,88,205,304
Rock-Pigeon-359_jpg.rf.02ce8c24c80613ebfda7edf29481a244.jpg,416,416,Flying Rat,74,83,319,364
Rock-Pigeon-310_jpg.rf.08e8718015ac1350258db3c64db147b3.jpg,416,416,Flying Rat,99,140,249,410
Rock-Pigeon-34_jpg.rf.07f257e7652d02a01eb8f7b795113de6.jpg,416,416,Flying Rat,109,191,236,329
Rock-Pigeon-237_jpg.rf.14d4cf9037d43739e2272912cd6474d6.jpg,416,416,Flying Rat,160,65,360,394
Rock-Pigeon-170_jpg.rf.0bbb40ddde2696651992bd613eb745cd.jpg,416,416,Flying Rat,123,61,369,391
Rock-Pigeon-281_jpg.rf.1155ac7449c488f699b52eb7659efd51.jpg,416,416,Flying Rat,173,147,256,327
Rock-Pigeon-162_jpg.rf.137de325ffc9ae078755c6c6e3ef88e7.jpg,416,416,Flying Rat,22,33,284,286
Rock-Pigeon-352_jpg.rf.10771eeffe5798c9afcae8467c931a28.jpg,416,416,Flying Rat,73,114,238,328
Rock-Pigeon-332_jpg.rf.0870a7f9b1baed3bea2b18324c1aff17.jpg,416,416,Flying Rat,30,97,301,274
Rock-Pigeon-298_jpg.rf.115442dc26a0ca082f7c5658a48e655f.jpg,416,416,Flying Rat,126,124,232,284
Rock-Pigeon-355_jpg.rf.1b611e10d53e69b2fde0d0c950d35ad9.jpg,416,416,Flying Rat,103,64,232,350
Rock-Pigeon-112_jpg.rf.1bd3907440f5a3efe364324773c2ca08.jpg,416,416,Flying Rat,88,43,354,309
Rock-Pigeon-40_jpg.rf.1a362ef0f88f354c4bb206f67298e5e2.jpg,416,416,Flying Rat,67,88,204,320
Rock-Pigeon-171_jpg.rf.10d9bfdeff31b1b87688841f0f09e0a7.jpg,416,416,Flying Rat,78,65,380,354
Rock-Pigeon-227_jpg.rf.200bcad6bcf476003af537d02dddfc12.jpg,416,416,Flying Rat,170,121,295,320
Rock-Pigeon-135_jpg.rf.1bd045f46b423d643b5b342ad3fea1a4.jpg,416,416,Flying Rat,121,69,307,362
Rock-Pigeon-330_jpg.rf.1e026bd8bfd9dd83b625ffe1ce71a4b7.jpg,416,416,Flying Rat,130,91,281,282
Rock-Pigeon-367_jpg.rf.229193a6392a3094b989a1676ce2b6c6.jpg,416,416,Flying Rat,98,113,357,386
Rock-Pigeon-228_jpg.rf.1276283b5f84b59c1bad1482cfe97c42.jpg,416,416,Flying Rat,168,131,275,332
Rock-Pigeon-71_jpg.rf.1a2fd46c74594bd22ad732004e544003.jpg,416,416,Flying Rat,17,183,166,326
Rock-Pigeon-119_jpg.rf.1d0394c32b11626f39cbef1a04bb71d7.jpg,416,416,Flying Rat,63,139,235,314
Rock-Pigeon-366_jpg.rf.17672a6e0a3312e13213b9e4a9edfe22.jpg,416,416,Flying Rat,187,22,400,395
Rock-Pigeon-164_jpg.rf.1c12772fafdcfd64b84f0bf044c0882c.jpg,416,416,Flying Rat,56,120,238,353
Rock-Pigeon-138_jpg.rf.19385d81d7780a3b188d128d73f11e36.jpg,416,416,Flying Rat,61,113,315,326
Rock-Pigeon-176_jpeg.rf.1f4188476655bd240810f152ddd05b05.jpg,416,416,Flying Rat,203,66,313,316
Rock-Pigeon-184_jpg.rf.1d42f1d14d51db8d0e2b2d1226899bed.jpg,416,416,Flying Rat,71,8,412,409
Rock-Pigeon-154_jpg.rf.2a344df99b31ae51e2ef483a4e0133bc.jpg,416,416,Flying Rat,128,40,411,412
Rock-Pigeon-42_jpg.rf.28473c5ab9ce401b6d9acdfdfd422d3a.jpg,416,416,Flying Rat,30,57,327,328
Rock-Pigeon-76_jpg.rf.2168dc52391920ac8e96c31438d96227.jpg,416,416,Flying Rat,61,49,357,311
Rock-Pigeon-76_jpg.rf.2168dc52391920ac8e96c31438d96227.jpg,416,416,Flying Rat,45,4,148,182
Rock-Pigeon-260_jpg.rf.28808a9cc07205c72443fa8b431e373e.jpg,416,416,Flying Rat,152,98,296,259
Rock-Pigeon-318_jpg.rf.2eeacd11c0aa73bc7331e9db14a180de.jpg,416,416,Flying Rat,113,71,288,347
Rock-Pigeon-318_jpg.rf.2eeacd11c0aa73bc7331e9db14a180de.jpg,416,416,Flying Rat,29,279,208,415
Rock-Pigeon-318_jpg.rf.2eeacd11c0aa73bc7331e9db14a180de.jpg,416,416,Flying Rat,38,2,173,46
Rock-Pigeon-313_jpg.rf.36156ca260ecbcea5433e1f76f5c680d.jpg,416,416,Flying Rat,91,153,358,280
Rock-Pigeon-263_jpg.rf.3105089a61dd02aa243544d3c94a9f24.jpg,416,416,Flying Rat,171,143,376,265
Rock-Pigeon-66_jpg.rf.25aa2c5de8566b15512d099dd36882f7.jpg,416,416,Flying Rat,166,115,254,320
Rock-Pigeon-308_jpg.rf.31c896991a0c5856587321ea0e587403.jpg,416,416,Flying Rat,21,124,276,309
Rock-Pigeon-9_jpg.rf.2d285b7614433f4e85c4218f4ff9cb0e.jpg,416,416,Flying Rat,117,138,255,387
Rock-Pigeon-139_jpg.rf.3090764d8cc8957b58aeb49eb034086f.jpg,416,416,Flying Rat,242,23,411,342
Rock-Pigeon-234_jpg.rf.15d4f1ae9f99feec99585aadfa905308.jpg,416,416,Flying Rat,134,122,354,305
Rock-Pigeon-338_jpg.rf.3813424fdf30d3f9ea7c1482cd1da744.jpg,416,416,Flying Rat,117,128,247,335
Rock-Pigeon-341_jpg.rf.391a250351cc6f937c3d39ecd7d202d7.jpg,416,416,Flying Rat,25,153,303,304
Rock-Pigeon-8_jpg.rf.3a7010b2fd12b2699466ce8efddd6b61.jpg,416,416,Flying Rat,174,69,307,282
Rock-Pigeon-240_jpg.rf.2b45f838d9c91fbac773dadb3080d22e.jpg,416,416,Flying Rat,152,69,289,371
Rock-Pigeon-256_jpg.rf.329cb5512684f2fa5f77ebd0f22c0882.jpg,416,416,Flying Rat,163,98,283,354
Rock-Pigeon-108_jpg.rf.33f433adedc651d521ca8fe24f2e7ed2.jpg,416,416,Flying Rat,70,31,350,361
Rock-Pigeon-106_jpg.rf.31191a62ed28bfc4471569182a6a5550.jpg,416,416,Flying Rat,35,104,223,415
Rock-Pigeon-31_jpg.rf.2a99b5ba51945ddc65475deca9b8e937.jpg,416,416,Flying Rat,2,36,292,325
Rock-Pigeon-351_jpg.rf.3624817f28c2e28a72829b286a8d4271.jpg,416,416,Flying Rat,160,116,356,382
Rock-Pigeon-175_jpg.rf.32ed94516e82defbdc6ac9a60a1f85f3.jpg,416,416,Flying Rat,139,125,279,237
Rock-Pigeon-274_jpg.rf.3bf8d09c7ceca32bf0aad64790d3b858.jpg,416,416,Flying Rat,55,77,312,407
Rock-Pigeon-320_jpg.rf.45670f3286c743755a7ebcd39e1889b7.jpg,416,416,Flying Rat,43,68,266,370
Rock-Pigeon-244_jpg.rf.368f754096314d98931b76fcf7a49e7d.jpg,416,416,Flying Rat,139,73,287,179
Rock-Pigeon-244_jpg.rf.368f754096314d98931b76fcf7a49e7d.jpg,416,416,Flying Rat,106,209,290,313
Rock-Pigeon-350_jpg.rf.3c8e0cac96d07e7f681fbf1243876ee8.jpg,416,416,Flying Rat,130,122,293,342
Rock-Pigeon-350_jpg.rf.3c8e0cac96d07e7f681fbf1243876ee8.jpg,416,416,Flying Rat,93,115,212,211
Rock-Pigeon-148_jpg.rf.42bd4092696c812e9eb74cfdeec27f06.jpg,416,416,Flying Rat,32,94,323,299
Rock-Pigeon-128_jpg.rf.40081a67de3913a3b1945c3541cfb53b.jpg,416,416,Flying Rat,190,75,371,383
Rock-Pigeon-80_jpg.rf.3edda52f05ae34855b9c49672704921b.jpg,416,416,Flying Rat,30,30,375,330
Rock-Pigeon-361_jpg.rf.4a5e3e6251ac7d8c13d35c36df10ebd7.jpg,416,416,Flying Rat,76,67,252,263
Rock-Pigeon-300_jpg.rf.44ce642a2a10128232b3d1ab576af517.jpg,416,416,Flying Rat,91,65,271,311
Rock-Pigeon-26_jpg.rf.3f1b66084c251af705f0db672676b88d.jpg,416,416,Flying Rat,173,82,374,298
Rock-Pigeon-210_png.rf.42a927605344c57ab7633f80fa914995.jpg,416,416,Flying Rat,15,36,387,397
Rock-Pigeon-103_jpg.rf.47af94dfc2a2efc9268cff1ea13d4299.jpg,416,416,Flying Rat,19,50,269,302
Rock-Pigeon-165_jpg.rf.455b87c759f9965af86cea11677142eb.jpg,416,416,Flying Rat,129,25,381,367
Rock-Pigeon-286_jpg.rf.406d6315a7c870442171f32076ba0846.jpg,416,416,Flying Rat,98,16,252,189
Rock-Pigeon-286_jpg.rf.406d6315a7c870442171f32076ba0846.jpg,416,416,Flying Rat,168,224,232,301
Rock-Pigeon-275_jpg.rf.4cc7129d912b25c492a24a8b2c3ef114.jpg,416,416,Flying Rat,207,121,401,395
Rock-Pigeon-288_jpg.rf.4b80e65c9b530b6fee72e711de198d69.jpg,416,416,Flying Rat,100,83,407,273
Rock-Pigeon-288_jpg.rf.4b80e65c9b530b6fee72e711de198d69.jpg,416,416,Flying Rat,31,126,146,338
Rock-Pigeon-104_jpg.rf.4a8fe2e443057711b48f2b0ba4308fb7.jpg,416,416,Flying Rat,57,145,144,338
Rock-Pigeon-104_jpg.rf.4a8fe2e443057711b48f2b0ba4308fb7.jpg,416,416,Flying Rat,197,169,341,338
Rock-Pigeon-65_jpg.rf.4a8779c532f62b6e3a1efefcbbcdb58b.jpg,416,416,Flying Rat,141,136,229,358
Rock-Pigeon-69_jpg.rf.52f3c4ee281393126234aad52d01ab39.jpg,416,416,Flying Rat,148,18,286,397
Rock-Pigeon-82_jpg.rf.43a68c36260f622307906c403b90b681.jpg,416,416,Flying Rat,125,41,248,209
Rock-Pigeon-13_jpg.rf.4a8782db4c9ed85089f824b90c0c75c2.jpg,416,416,Flying Rat,140,84,352,385
Rock-Pigeon-161_jpeg.rf.3cfe1aa834777073992e775c81a80199.jpg,416,416,Flying Rat,20,22,325,358
Rock-Pigeon-316_jpg.rf.4877e6750385e3a07d3109fe2a3ea032.jpg,416,416,Flying Rat,68,52,210,339
Rock-Pigeon-209_jpg.rf.4298af56050b573b14a4d19b246907a0.jpg,416,416,Flying Rat,123,88,368,259
Rock-Pigeon-116_jpg.rf.4f7ba1d7ea5084732f664e61d6a3d965.jpg,416,416,Flying Rat,11,106,245,313
Rock-Pigeon-19_jpg.rf.52dc7ff0707f05b7b8fa6f8b351ede99.jpg,416,416,Flying Rat,37,74,175,330
Rock-Pigeon-19_jpg.rf.52dc7ff0707f05b7b8fa6f8b351ede99.jpg,416,416,Flying Rat,171,60,260,321
Rock-Pigeon-101_jpg.rf.51321a56b61091d941240ac59a2f3955.jpg,416,416,Flying Rat,14,64,315,392
Rock-Pigeon-179_jpg.rf.58e88245aba56707f389afeca182f84f.jpg,416,416,Flying Rat,136,84,313,369
Rock-Pigeon-179_jpg.rf.58e88245aba56707f389afeca182f84f.jpg,416,416,Flying Rat,286,115,383,295
Rock-Pigeon-344_jpg.rf.567313ca69615d4f69f6ee528b04fb2a.jpg,416,416,Flying Rat,33,27,328,355
Rock-Pigeon-204_jpg.rf.5954b74296f8f33b1cea50545a7e0a57.jpg,416,416,Flying Rat,38,36,375,298
Rock-Pigeon-48_jpg.rf.5a73b4b1829c8858861b00725c247db7.jpg,416,416,Flying Rat,165,70,326,321
Rock-Pigeon-28_jpg.rf.589e7731b659e726dee89ed57a27b79a.jpg,416,416,Flying Rat,73,91,267,283
Rock-Pigeon-294_jpg.rf.41d4058e65215aff73974785bdbff844.jpg,416,416,Flying Rat,106,69,367,353
Rock-Pigeon-224_jpg.rf.5e8b5353ca38124286d126e48ff497b0.jpg,416,416,Flying Rat,4,59,272,400
Rock-Pigeon-156_jpg.rf.5d95ecae1a68db65151b5e362d6c44b6.jpg,416,416,Flying Rat,34,20,279,359
Rock-Pigeon-220_jpg.rf.5a2cd3e4b780c3b245c36845bd1d96cd.jpg,416,416,Flying Rat,6,163,206,350
Rock-Pigeon-21_jpg.rf.4ea5ef44bfe66c968634bd1bac92dc8c.jpg,416,416,Flying Rat,5,91,274,387
Rock-Pigeon-241_jpg.rf.587b406c06e8d7aa7ffa7de45bd32349.jpg,416,416,Flying Rat,158,103,352,413
Rock-Pigeon-369_jpg.rf.571e2894cadcfd6c2962e7b7f527a885.jpg,416,416,Flying Rat,104,153,341,323
Rock-Pigeon-222_jpg.rf.65f78e0cf786047d3b573bb4b18dfc1e.jpg,416,416,Flying Rat,68,31,319,340
Rock-Pigeon-307_jpg.rf.642afaf21de730910a17651dfc7d4419.jpg,416,416,Flying Rat,94,149,241,394
Rock-Pigeon-186_JPG.rf.62499a2f7720e8cb13ad0d0b63cdeb41.jpg,416,416,Flying Rat,76,52,387,351
Rock-Pigeon-306_jpg.rf.6365dc13cd181167f7893a0cd370e43f.jpg,416,416,Flying Rat,144,1,375,332
Rock-Pigeon-305_jpg.rf.64fb9ff7749e9ab43e6eceb441d23dae.jpg,416,416,Flying Rat,140,122,310,238
Rock-Pigeon-305_jpg.rf.64fb9ff7749e9ab43e6eceb441d23dae.jpg,416,416,Flying Rat,263,344,311,415
Rock-Pigeon-54_jpg.rf.66aa2b288fb643547f2dc60e84430dba.jpg,416,416,Flying Rat,81,53,266,352
Rock-Pigeon-336_jpg.rf.63b30b35e6d4b7f9db4727f7a6cb0f4e.jpg,416,416,Flying Rat,226,118,337,296
Rock-Pigeon-371_jpg.rf.6920a14924c757b497f23358d18b71a5.jpg,416,416,Flying Rat,146,25,385,365
Rock-Pigeon-346_jpg.rf.646a0b5fdb80447e6a646632d93b7369.jpg,416,416,Flying Rat,33,142,227,360
Rock-Pigeon-146_jpg.rf.5f58e7aefca5cca5e5f088e52648c5f1.jpg,416,416,Flying Rat,130,109,362,282
Rock-Pigeon-282_jpg.rf.5fcbdd664058bc57a92d1f6ac50edec0.jpg,416,416,Flying Rat,9,52,324,406
Rock-Pigeon-127_jpg.rf.678eff7ce7d12b3731bc7bb1f9f35546.jpg,416,416,Flying Rat,65,74,280,365
Rock-Pigeon-273_jpg.rf.6a8faaae03687868b19f2d422f07fb60.jpg,416,416,Flying Rat,97,37,339,369
Rock-Pigeon-16_jpg.rf.692a0a64afb064335afe2a70e46d67a2.jpg,416,416,Flying Rat,186,76,348,266
Rock-Pigeon-16_jpg.rf.692a0a64afb064335afe2a70e46d67a2.jpg,416,416,Flying Rat,144,175,232,307
Rock-Pigeon-319_jpg.rf.6197ddafa089db51c7707b44fe7458ac.jpg,416,416,Flying Rat,243,115,407,391
Rock-Pigeon-319_jpg.rf.6197ddafa089db51c7707b44fe7458ac.jpg,416,416,Flying Rat,40,119,241,332
Rock-Pigeon-52_jpg.rf.61a0d1a41a9c921889178231c2dc2695.jpg,416,416,Flying Rat,130,30,378,343
Rock-Pigeon-4_jpg.rf.603da0cf5e0ca534493a56c607a85c2d.jpg,416,416,Flying Rat,24,125,126,304
Rock-Pigeon-122_jpg.rf.636647310b96b47cc35d6e516efe0b2b.jpg,416,416,Flying Rat,18,103,398,312
Rock-Pigeon-229_jpg.rf.5e3e1b92e1bb18d545d29223a8427e10.jpg,416,416,Flying Rat,120,76,313,350
Rock-Pigeon-167_jpg.rf.695cdcc90eb3baca709607d4a9e69dc0.jpg,416,416,Flying Rat,102,4,317,402
Rock-Pigeon-266_jpg.rf.74b43c58e1d8ae5c419570b751c5afde.jpg,416,416,Flying Rat,20,135,342,355
Rock-Pigeon-328_jpg.rf.6fadf13be6931438ae3462d885857065.jpg,416,416,Flying Rat,112,20,370,337
Rock-Pigeon-172_jpg.rf.7296a367aa4e086c7a999f976a96c994.jpg,416,416,Flying Rat,8,50,389,397
Rock-Pigeon-315_jpg.rf.7af63a60656d2d066773bcc3ea02fad9.jpg,416,416,Flying Rat,99,122,253,272
Rock-Pigeon-325_jpg.rf.6d3ac438730ca1e64416ab50de1dd08d.jpg,416,416,Flying Rat,8,93,239,318
Rock-Pigeon-325_jpg.rf.6d3ac438730ca1e64416ab50de1dd08d.jpg,416,416,Flying Rat,233,110,394,305
Rock-Pigeon-159_jpeg.rf.6d590ab2bc432a61fc1ab115d0b4134b.jpg,416,416,Flying Rat,40,24,338,383
Rock-Pigeon-272_jpg.rf.6c8e75dfb5a35e6079e950b4b4ffbbca.jpg,416,416,Flying Rat,125,118,341,294
Rock-Pigeon-41_jpg.rf.73170d3977707f225a609acef0f149f6.jpg,416,416,Flying Rat,113,78,379,350
Rock-Pigeon-126_jpg.rf.7a06f21b4629115c8d9bd648ee256d82.jpg,416,416,Flying Rat,100,81,383,412
Rock-Pigeon-221_jpg.rf.7f0277856a26535e12218d48d35a393b.jpg,416,416,Flying Rat,88,26,233,360
Rock-Pigeon-50_jpg.rf.7f76d04c4a53752e9a3a263ca129d42a.jpg,416,416,Flying Rat,161,153,368,335
Rock-Pigeon-270_jpg.rf.7ab06904551883c679e9a00b4b445d21.jpg,416,416,Flying Rat,62,57,307,352
Rock-Pigeon-98_jpg.rf.7024726fe1660dd2e2b591ca3def51f6.jpg,416,416,Flying Rat,133,52,224,287
Rock-Pigeon-37_jpg.rf.7087aab9122a4f3b9c89bf013ae3272a.jpg,416,416,Flying Rat,43,77,264,300
Rock-Pigeon-193_jpg.rf.72a392075f5fd4b9bb31b77e4e0768b3.jpg,416,416,Flying Rat,174,152,404,367
Rock-Pigeon-193_jpg.rf.72a392075f5fd4b9bb31b77e4e0768b3.jpg,416,416,Flying Rat,185,29,292,152
Rock-Pigeon-233_jpg.rf.75474b9024f8560166d5e313356f211b.jpg,416,416,Flying Rat,95,138,258,308
Rock-Pigeon-192_jpg.rf.7b5c735433a8a5779a9b1da5dd590129.jpg,416,416,Flying Rat,109,41,397,323
Rock-Pigeon-278_jpg.rf.7e942962794aaa9b861865ae066cc46f.jpg,416,416,Flying Rat,30,22,357,345
Rock-Pigeon-117_jpg.rf.75453059cd34f513375fb5833456449d.jpg,416,416,Flying Rat,89,72,307,354
Rock-Pigeon-219_jpg.rf.805fabde9b60b7dfe181bb012a26134b.jpg,416,416,Flying Rat,140,51,287,358
Rock-Pigeon-342_jpg.rf.7f108586fe2d5e7abaf2fa83daece855.jpg,416,416,Flying Rat,163,34,267,216
Rock-Pigeon-196_jpg.rf.8235fafc39ead40c18d02a8401c6cba7.jpg,416,416,Flying Rat,1,42,369,357
Rock-Pigeon-79_jpg.rf.8b1857b848c59e716bfdd9359181284f.jpg,416,416,Flying Rat,73,68,295,353
Rock-Pigeon-185_jpg.rf.7d20b46eddf6f2b41574c990355f96ea.jpg,416,416,Flying Rat,111,40,305,416
Rock-Pigeon-130_jpg.rf.84e534f9bb5f33552118c3d2ccdb2611.jpg,416,416,Flying Rat,145,29,302,409
Rock-Pigeon-63_jpg.rf.7dd8f5598b36f0f9805b0e670947328d.jpg,416,416,Flying Rat,70,126,221,319
Rock-Pigeon-345_jpg.rf.856f0f4590a81a534eb693b8ea347926.jpg,416,416,Flying Rat,107,81,346,313
Rock-Pigeon-32_jpg.rf.8091a7b3e88f41a41b1bf77f74d090c6.jpg,416,416,Flying Rat,98,39,283,313
Rock-Pigeon-314_jpg.rf.7e675f655354c422da6dbbdc1291edf5.jpg,416,416,Flying Rat,79,72,335,356
Rock-Pigeon-214_jpg.rf.88a5013a08a01d5233202a1808d1d8b2.jpg,416,416,Flying Rat,239,50,399,395
Rock-Pigeon-304_jpg.rf.8e5dd50e9e25cf9b9e2429e4587df9cc.jpg,416,416,Flying Rat,166,79,258,394
Rock-Pigeon-365_jpg.rf.85ef54b99b1edaa06321ea823fa044eb.jpg,416,416,Flying Rat,149,86,292,322
Rock-Pigeon-120_jpg.rf.8bae2c3603a9aeaa858b1e0ba6e6260b.jpg,416,416,Flying Rat,16,53,371,337
Rock-Pigeon-173_jpg.rf.7f8ed023f94be519c2d2a3c3a82c673d.jpg,416,416,Flying Rat,72,21,303,392
Rock-Pigeon-169_jpg.rf.96abb137200618317f332df650884eae.jpg,416,416,Flying Rat,62,36,410,414
Rock-Pigeon-218_jpg.rf.96db400e2a05cb50c54cf23a731cb469.jpg,416,416,Flying Rat,50,57,161,197
Rock-Pigeon-68_jpg.rf.8ddd85e863ad3c86905c209358239393.jpg,416,416,Flying Rat,91,46,162,209
Rock-Pigeon-68_jpg.rf.8ddd85e863ad3c86905c209358239393.jpg,416,416,Flying Rat,223,71,344,160
Rock-Pigeon-68_jpg.rf.8ddd85e863ad3c86905c209358239393.jpg,416,416,Flying Rat,172,145,241,285
Rock-Pigeon-68_jpg.rf.8ddd85e863ad3c86905c209358239393.jpg,416,416,Flying Rat,57,263,157,348
Rock-Pigeon-68_jpg.rf.8ddd85e863ad3c86905c209358239393.jpg,416,416,Flying Rat,257,215,354,336
Rock-Pigeon-64_jpg.rf.7d0a62abfebd1f4808f631fc33c5a161.jpg,416,416,Flying Rat,79,89,221,364
Rock-Pigeon-287_jpg.rf.8d88d73b343585416acbb289b45f0828.jpg,416,416,Flying Rat,65,72,370,263
Rock-Pigeon-287_jpg.rf.8d88d73b343585416acbb289b45f0828.jpg,416,416,Flying Rat,120,264,235,331
Rock-Pigeon-132_jpg.rf.95665c2f38f2b238613e9b795c2094d3.jpg,416,416,Flying Rat,136,107,384,383
Rock-Pigeon-158_jpg.rf.95ad9b99d221edaa0510fcbdaafe4c9e.jpg,416,416,Flying Rat,42,27,366,295
Rock-Pigeon-3_jpg.rf.972a8894e6cfac709ead3aaee2130add.jpg,416,416,Flying Rat,83,79,406,386
Rock-Pigeon-225_jpg.rf.99912ee31f16d03a171202b7dc33e739.jpg,416,416,Flying Rat,135,171,247,357
Rock-Pigeon-45_jpg.rf.9ad85d28201955bd3cde28d1778fd618.jpg,416,416,Flying Rat,61,100,283,284
Rock-Pigeon-354_jpg.rf.8ec3adc556d8c8bd84e643a48d37934f.jpg,416,416,Flying Rat,169,65,313,284
Rock-Pigeon-302_jpg.rf.9790c94b38a0ad911744edf7d46c2d91.jpg,416,416,Flying Rat,83,150,232,289
Rock-Pigeon-200_jpg.rf.872afd9fbbf7d805d4b27e026a95b2c2.jpg,416,416,Flying Rat,35,34,395,370
Rock-Pigeon-311_jpg.rf.92d1eb3643c135c2c2ab97f130fe3c49.jpg,416,416,Flying Rat,149,29,382,360
Rock-Pigeon-125_jpg.rf.94a35f8e2da4b8d6af30de7fce4a6a0b.jpg,416,416,Flying Rat,132,70,270,310
Rock-Pigeon-279_jpg.rf.a8efed12f4ea6ef50f9487f97ff827e8.jpg,416,416,Flying Rat,173,127,286,318
Rock-Pigeon-259_jpg.rf.a4a3ff36b66d8f1de2d0d894085116cf.jpg,416,416,Flying Rat,69,51,303,399
Rock-Pigeon-18_jpg.rf.a6dd6fb9a1d30607bfcca75fa407b474.jpg,416,416,Flying Rat,79,125,353,351
Rock-Pigeon-236_jpg.rf.9f9dfc33eb51f5fe4aba2f041cca81a4.jpg,416,416,Flying Rat,227,78,327,328
Rock-Pigeon-187_jpg.rf.ab237d2659b06149c054e2c8a32abe97.jpg,416,416,Flying Rat,28,24,298,364
Rock-Pigeon-85_jpg.rf.9a40b353201cf95f061f3d41cca35dba.jpg,416,416,Flying Rat,25,17,403,385
Rock-Pigeon-142_jpg.rf.98584b73a2e05112efe8fcd6dcb0b188.jpg,416,416,Flying Rat,112,75,401,316
Rock-Pigeon-97_jpg.rf.9e3363ef1aa592eac0e00cb2e5fbf62c.jpg,416,416,Flying Rat,63,61,332,332
Rock-Pigeon-11_jpg.rf.9e2dde915cee54a2e7775dfbe5d6c349.jpg,416,416,Flying Rat,203,144,301,382
Rock-Pigeon-356_jpg.rf.a11d715fa02095b52e829b0a805ac3db.jpg,416,416,Flying Rat,81,140,238,259
Rock-Pigeon-145_jpg.rf.ac53d75e354194dac18a6c075845eb7d.jpg,416,416,Flying Rat,86,95,290,404
Rock-Pigeon-223_jpg.rf.ac8115051be573ad3060b90c8f89cd12.jpg,416,416,Flying Rat,62,24,325,325
Rock-Pigeon-364_jpg.rf.a426b8a90c04192c6465616db65c6712.jpg,416,416,Flying Rat,127,112,356,284
Rock-Pigeon-56_jpg.rf.a4bc31c86593319a20d00338b5bae084.jpg,416,416,Flying Rat,176,112,244,269
Rock-Pigeon-363_jpg.rf.a9222a18e593cd9b937376fb8eefc7ef.jpg,416,416,Flying Rat,82,66,286,360
Rock-Pigeon-254_jpg.rf.a1c7fc7e402188c2042a7d1a729671ab.jpg,416,416,Flying Rat,77,80,280,336
Rock-Pigeon-292_jpg.rf.a7d196ee530aa00f572cc68c10cace2f.jpg,416,416,Flying Rat,175,54,350,364
Rock-Pigeon-115_jpg.rf.a95a3f2f875f98af94abd80c55fe3439.jpg,416,416,Flying Rat,95,132,348,232
Rock-Pigeon-81_jpg.rf.a9d8b07fcbccb00231e97c9fe96d79ef.jpg,416,416,Flying Rat,192,102,346,259
Rock-Pigeon-160_jpeg.rf.ab8d13bc26fa1779796996852381d8be.jpg,416,416,Flying Rat,138,34,376,365
Rock-Pigeon-239_jpg.rf.a87b33d21e7ba297e52f3a5eba5ef2a2.jpg,416,416,Flying Rat,121,102,345,274
Rock-Pigeon-111_jpg.rf.aeba73666f7ce5922518d4ab8413be59.jpg,416,416,Flying Rat,88,109,271,322
Rock-Pigeon-246_jpg.rf.ae935a0df0824614c40abe9739776547.jpg,416,416,Flying Rat,98,101,276,321
Rock-Pigeon-38_jpg.rf.b3880b1e76ca846776ca91b7e765afca.jpg,416,416,Flying Rat,119,57,361,336
Rock-Pigeon-36_jpg.rf.ac2a968e692afbc3902f4ab016d6ef79.jpg,416,416,Flying Rat,67,48,233,308
Rock-Pigeon-73_jpg.rf.ad3c92678e2323d1e77de83e31e820b2.jpg,416,416,Flying Rat,124,44,332,400
Rock-Pigeon-20_jpg.rf.bd2c3dd5342f005ad98a9858f0241f5a.jpg,416,416,Flying Rat,75,60,266,352
Rock-Pigeon-262_jpg.rf.b591ae1cad1d7fa493e32cb15cd42cbc.jpg,416,416,Flying Rat,171,138,345,268
Rock-Pigeon-131_jpg.rf.b82ca583dfd4d1b46ca08751030a17d6.jpg,416,416,Flying Rat,51,41,312,372
Rock-Pigeon-326_jpg.rf.b8f592ac50e9d2c4abbf6b11bad09f30.jpg,416,416,Flying Rat,120,63,265,283
Rock-Pigeon-27_jpg.rf.b6f4e08a00ac39c464142100e3e85aa8.jpg,416,416,Flying Rat,148,28,275,310
Rock-Pigeon-15_jpg.rf.bd47d511b3bfe1495ab732fec9e80147.jpg,416,416,Flying Rat,181,82,356,283
Rock-Pigeon-29_jpg.rf.bec4fe65fb006e2f2376887da0df0292.jpg,416,416,Flying Rat,56,72,305,292
Rock-Pigeon-124_jpg.rf.b87cc56c04aa83e56de6b4d65e3656ae.jpg,416,416,Flying Rat,5,123,259,407
Rock-Pigeon-58_jpg.rf.c3d58468a4820d636557396e809c3f97.jpg,416,416,Flying Rat,102,21,296,369
Rock-Pigeon-58_jpg.rf.c3d58468a4820d636557396e809c3f97.jpg,416,416,Flying Rat,10,62,95,290
Rock-Pigeon-58_jpg.rf.c3d58468a4820d636557396e809c3f97.jpg,416,416,Flying Rat,299,78,392,330
Rock-Pigeon-147_jpg.rf.b03cbf9ce3a9553a6cbecd5e2a48a437.jpg,416,416,Flying Rat,72,176,200,378
Rock-Pigeon-147_jpg.rf.b03cbf9ce3a9553a6cbecd5e2a48a437.jpg,416,416,Flying Rat,83,14,132,137
Rock-Pigeon-147_jpg.rf.b03cbf9ce3a9553a6cbecd5e2a48a437.jpg,416,416,Flying Rat,145,74,245,183
Rock-Pigeon-198_jpg.rf.a724ba46543f712b2f9d9d7cf2a936fc.jpg,416,416,Flying Rat,217,78,366,388
Rock-Pigeon-198_jpg.rf.a724ba46543f712b2f9d9d7cf2a936fc.jpg,416,416,Flying Rat,49,19,209,287
Rock-Pigeon-202_jpg.rf.ba217ebb34b93435c4442f247c46c07a.jpg,416,416,Flying Rat,87,61,374,354
Rock-Pigeon-203_jpg.rf.bef2f520b74ed3fa1b9e59aafd1e19a0.jpg,416,416,Flying Rat,39,37,391,405
Rock-Pigeon-129_jpg.rf.c23fef3132bda239ecfcb464e6bd5ecd.jpg,416,416,Flying Rat,17,131,318,378
Rock-Pigeon-6_jpg.rf.b79dd74eaf3c3dbe6ff3e19cbdefc13e.jpg,416,416,Flying Rat,32,39,249,345
Rock-Pigeon-235_jpg.rf.b274e779d11a9b124b0c19c10c125c9d.jpg,416,416,Flying Rat,83,98,281,343
Rock-Pigeon-235_jpg.rf.b274e779d11a9b124b0c19c10c125c9d.jpg,416,416,Flying Rat,167,104,213,173
Rock-Pigeon-269_jpg.rf.c5667f66be20d03b565adddf31617d43.jpg,416,416,Flying Rat,186,112,331,331
Rock-Pigeon-331_jpg.rf.bcd06ec82b6ed4c9fae737d36f6a179f.jpg,416,416,Flying Rat,113,113,376,260
Rock-Pigeon-149_jpg.rf.c44d7e347acf706707fc91ee0bf4f999.jpg,416,416,Flying Rat,110,138,284,320
Rock-Pigeon-329_jpg.rf.d26cb4f8ba33feb1d3503b43e0413c7b.jpg,416,416,Flying Rat,128,121,234,312
Rock-Pigeon-339_jpg.rf.ca5fb9821c59401f349be5ab3866b775.jpg,416,416,Flying Rat,54,46,273,324
Rock-Pigeon-43_jpg.rf.d2002f82454421f6bb0f1bca78d4dd75.jpg,416,416,Flying Rat,27,61,189,295
Rock-Pigeon-83_jpg.rf.cfbb3a9a003c4dff2fe46aa9f84b0f39.jpg,416,416,Flying Rat,111,234,352,371
Rock-Pigeon-358_jpg.rf.bed26da9f3841e98df867d64c05facb6.jpg,416,416,Flying Rat,36,127,356,335
Rock-Pigeon-77_jpg.rf.c59e43fd6263e1a43cef26ea59b43148.jpg,416,416,Flying Rat,127,99,341,354
Rock-Pigeon-201_jpg.rf.c5dbe4c4d18da951841ae8cc18e10391.jpg,416,416,Flying Rat,17,63,318,372
Rock-Pigeon-334_jpg.rf.c2cb2681768f21804bdd85503f08d5ec.jpg,416,416,Flying Rat,189,168,299,351
Rock-Pigeon-334_jpg.rf.c2cb2681768f21804bdd85503f08d5ec.jpg,416,416,Flying Rat,130,38,269,169
Rock-Pigeon-47_jpg.rf.d120a16ab43cd4ead4c55a6ab75749a7.jpg,416,416,Flying Rat,64,64,250,198
Rock-Pigeon-140_jpg.rf.cde76618c406afce3fad6fd71ffa0e52.jpg,416,416,Flying Rat,136,84,401,353
Rock-Pigeon-177_jpg.rf.d0e244d0143a479412e16c9b54900dd0.jpg,416,416,Flying Rat,67,33,367,386
Rock-Pigeon-44_jpg.rf.ba520e27278bca8da96f04a0f4f6ae63.jpg,416,416,Flying Rat,12,128,277,309
Rock-Pigeon-44_jpg.rf.ba520e27278bca8da96f04a0f4f6ae63.jpg,416,416,Flying Rat,286,171,408,366
Rock-Pigeon-284_jpg.rf.cb166671c4a3d5b562fe809a15af0da8.jpg,416,416,Flying Rat,23,95,303,365
Rock-Pigeon-258_jpg.rf.d626586c139c76bc8ab5d223f42b54e5.jpg,416,416,Flying Rat,100,91,241,367
Rock-Pigeon-2_jpg.rf.be8bfefe237ae47ed4a6188f146d646e.jpg,416,416,Flying Rat,236,156,342,330
Rock-Pigeon-152_png.rf.dbaaccb308719b8d0950fa25e47ab552.jpg,416,416,Flying Rat,6,17,415,407
Rock-Pigeon-309_jpg.rf.d9f3fa206dfbf7d25bf162169877d187.jpg,416,416,Flying Rat,140,93,368,400
Rock-Pigeon-230_jpg.rf.d8e5e0e1cfec0e24b40bb5737f8a08ab.jpg,416,416,Flying Rat,124,76,279,341
Rock-Pigeon-92_jpg.rf.cffbac5e661080dfe15f531347fd5233.jpg,416,416,Flying Rat,63,61,319,259
Rock-Pigeon-226_jpg.rf.dd6eb409ac391add56e5a6685ef7f792.jpg,416,416,Flying Rat,118,149,249,323
Rock-Pigeon-348_jpg.rf.c5ae450eb4217784c2239ce5b2620fdf.jpg,416,416,Flying Rat,124,126,250,258
Rock-Pigeon-96_jpg.rf.de1a4c805ee0e66ce41f11b5bbfd0732.jpg,416,416,Flying Rat,30,66,380,415
Rock-Pigeon-205_jpg.rf.d289e1d75c9171a883c39763d00a2ec5.jpg,416,416,Flying Rat,151,15,343,316
Rock-Pigeon-264_jpg.rf.de35e942876a6fd63e1cbbd06c1ee19c.jpg,416,416,Flying Rat,131,105,326,301
Rock-Pigeon-296_jpg.rf.c98515fa529b6fe2afa75d8c7368a580.jpg,416,416,Flying Rat,139,62,345,362
Rock-Pigeon-33_jpg.rf.d8345574eeae0709f5409ca767995dd9.jpg,416,416,Flying Rat,116,63,247,330
Rock-Pigeon-57_jpg.rf.de67ceaca9d3b9ddca5a3d7255cf50fc.jpg,416,416,Flying Rat,122,96,227,298
Rock-Pigeon-261_jpg.rf.de985697993bec4f87828fa7b973e249.jpg,416,416,Flying Rat,159,137,348,348
Rock-Pigeon-322_jpg.rf.df188970873e98951b3867f3fd4e9df8.jpg,416,416,Flying Rat,15,78,174,363
Rock-Pigeon-322_jpg.rf.df188970873e98951b3867f3fd4e9df8.jpg,416,416,Flying Rat,187,167,395,356
